motif_id	motif_alt_id	sequence_name	start	stop	strand	score	p-value	q-value	matched_sequence
motif_1	MEME-1	Ath_MYB1	29	57	+	28.07	1.64e-23	4.1e-22	WTPEEDELLRRLVEKHGARNWSLIARSIP
motif_2	MEME-2	Ath_MYB1	64	84	+	14	4.16e-18	1.04e-16	GKSCRLRWLNYLRPDLKRGNI
motif_3	MEME-3	Ath_MYB1	136	150	+	42	2.95e-11	7.38e-10	SEEEDRIIRLHSLLG
motif_4	MEME-4	Ath_MYB1	181	198	+	22.78	2.86e-25	7.15e-24	NYWNTHLKKRLLSQGIDP
motif_1	MEME-1	Ath_MYB2	27	55	+	42.03	2.79e-17	6.98e-16	WTPEEDELLRRLVEKHGARNWSLIARSIP
motif_2	MEME-2	Ath_MYB2	71	91	+	42.1	2.44e-22	6.1e-21	GKSCRLRWLNYLRPDLKRGNI
motif_3	MEME-3	Ath_MYB2	123	137	+	15.28	3.3e-11	8.25e-10	SEEEDRIIRLHSLLG
motif_1	MEME-1	Osa_MYB1	30	58	+	33.16	1.1e-20	2.75e-19	WTPEEDELLRRLVEKHGARNWSLIARSIP
motif_2	MEME-2	Osa_MYB1	68	88	+	30.34	3.51e-14	8.78e-13	GKSCRLRWLNYLRPDLKRGNI
motif_3	MEME-3	Osa_MYB1	136	150	+	45.91	4.68e-14	1.17e-12	SEEEDRIIRLHSLLG
motif_4	MEME-4	Osa_MYB1	197	214	+	16.46	4.38e-19	1.1e-17	NYWNTHLKKRLLSQGIDP
motif_1	MEME-1	Osa_MYB2	39	67	+	29.9	6.2e-22	1.55e-20	WTPEEDELLRRLVEKHGARNWSLIARSIP
motif_2	MEME-2	Osa_MYB2	69	89	+	30.17	2.49e-12	6.22e-11	GKSCRLRWLNYLRPDLKRGNI
motif_3	MEME-3	Osa_MYB2	135	149	+	26.1	3.67e-13	9.18e-12	SEEEDRIIRLHSLLG
motif_1	MEME-1	Zma_MYB1	33	61	+	15.76	1.19e-18	2.98e-17	WTPEEDELLRRLVEKHGARNWSLIARSIP
motif_2	MEME-2	Zma_MYB1	84	104	+	15.45	1.29e-15	3.22e-14	GKSCRLRWLNYLRPDLKRGNI
motif_3	MEME-3	Zma_MYB1	156	170	+	34.39	1.52e-16	3.8e-15	SEEEDRIIRLHSLLG
motif_4	MEME-4	Zma_MYB1	192	209	+	31.4	3.14e-20	7.85e-19	NYWNTHLKKRLLSQGIDP
motif_1	MEME-1	Zma_MYB3	35	63	+	46.96	7.92e-28	1.98e-26	WTPEEDELLRRLVEKHGARNWSLIARSIP
motif_3	MEME-3	Zma_MYB3	129	143	+	26.62	3.19e-21	7.98e-20	SEEEDRIIRLHSLLG
motif_1	MEME-1	Sbi_MYB2	40	68	+	18.7	1.72e-25	4.3e-24	WTPEEDELLRRLVEKHGARNWSLIARSIP
motif_2	MEME-2	Sbi_MYB2	80	100	+	35.6	7.94e-24	1.98e-22	GKSCRLRWLNYLRPDLKRGNI
motif_3	MEME-3	Sbi_MYB2	158	172	+	13.51	1.81e-17	4.53e-16	SEEEDRIIRLHSLLG
motif_4	MEME-4	Sbi_MYB2	210	227	+	38.06	4.97e-26	1.24e-24	NYWNTHLKKRLLSQGIDP
motif_1	MEME-1	Sbi_MYB2	251	279	+	35.31	8.4e-16	2.1e-14	WTPEEDELLRRLVEKHGARNWSLIARSIP
motif_5	MEME-5	Vvi_MYB4	13	37	+	32.31	5.01e-17	1.25e-15	MSDLLQAPHCFSPTTEEAWMADFLN
motif_1	MEME-1	Vvi_MYB4	27	55	+	37.26	4.52e-18	1.13e-16	WTPEEDELLRRLVEKHGARNWSLIARSIP
motif_2	MEME-2	Vvi_MYB4	52	72	+	14.72	1.66e-25	4.15e-24	GKSCRLRWLNYLRPDLKRGNI
motif_6	MEME-6	Vvi_MYB4	181	192	+	43.86	7.78e-27	1.94e-25	KQLERSSILSSY
motif_5	MEME-5	Ptr_MYB4	9	33	+	18.19	1.73e-18	4.32e-17	MSDLLQAPHCFSPTTEEAWMADFLN
motif_1	MEME-1	Ptr_MYB4	25	53	+	17.09	1.18e-13	2.95e-12	WTPEEDELLRRLVEKHGARNWSLIARSIP
motif_2	MEME-2	Ptr_MYB4	64	84	+	41.6	2.6e-26	6.5e-25	GKSCRLRWLNYLRPDLKRGNI
motif_6	MEME-6	Ptr_MYB4	196	207	+	43.06	7.94e-15	1.98e-13	KQLERSSILSSY
motif_5	MEME-5	Gma_MYB5	10	34	+	35.98	4.23e-25	1.06e-23	MSDLLQAPHCFSPTTEEAWMADFLN
motif_1	MEME-1	Gma_MYB5	29	57	+	38.59	7.81e-14	1.95e-12	WTPEEDELLRRLVEKHGARNWSLIARSIP
motif_2	MEME-2	Gma_MYB5	56	76	+	22.23	8.66e-27	2.16e-25	GKSCRLRWLNYLRPDLKRGNI
motif_3	MEME-3	Gma_MYB5	115	129	+	29.25	1.15e-20	2.88e-19	SEEEDRIIRLHSLLG
motif_5	MEME-5	Sly_MYB6	17	41	+	20.6	1.56e-26	3.9e-25	MSDLLQAPHCFSPTTEEAWMADFLN
motif_1	MEME-1	Sly_MYB6	47	75	+	46.95	4.82e-14	1.2e-12	WTPEEDELLRRLVEKHGARNWSLIARSIP
motif_2	MEME-2	Sly_MYB6	93	113	+	23.69	2.47e-13	6.18e-12	GKSCRLRWLNYLRPDLKRGNI
motif_6	MEME-6	Sly_MYB6	310	321	+	22.48	7.25e-19	1.81e-17	KQLERSSILSSY
motif_6	MEME-6	Sly_MYB6	331	342	+	34.79	3.1e-11	7.75e-10	KQLERSSILSSY
motif_5	MEME-5	Stu_MYB6	27	51	+	21.28	1.55e-23	3.88e-22	MSDLLQAPHCFSPTTEEAWMADFLN
motif_1	MEME-1	Stu_MYB6	41	69	+	36.91	1.17e-10	2.92e-09	WTPEEDELLRRLVEKHGARNWSLIARSIP
motif_2	MEME-2	Stu_MYB6	79	99	+	28.22	4.81e-19	1.2e-17	GKSCRLRWLNYLRPDLKRGNI
motif_6	MEME-6	Stu_MYB6	306	317	+	12.49	1.89e-26	4.73e-25	KQLERSSILSSY
